{
  "properties": {
    "connectionReferences": {
      "shared_office365": {
        "runtimeSource": "invoker",
        "connection": {
          "connectionReferenceLogicalName": "aib_office365outlookconnection"
        },
        "api": {
          "name": "shared_office365"
        }
      },
      "shared_sharepointonline": {
        "runtimeSource": "invoker",
        "connection": {
          "connectionReferenceLogicalName": "cx_sharedsharepointonline_0c57d"
        },
        "api": {
          "name": "shared_sharepointonline"
        }
      }
    },
    "definition": {
      "$schema": "https://schema.management.azure.com/providers/Microsoft.Logic/schemas/2016-06-01/workflowdefinition.json#",
      "contentVersion": "1.0.0.0",
      "parameters": {
        "$connections": {
          "defaultValue": {},
          "type": "Object"
        },
        "$authentication": {
          "defaultValue": {},
          "type": "SecureObject"
        }
      },
      "triggers": {
        "manual": {
          "metadata": {
            "operationMetadataId": "4b666ef7-8ecf-4aa9-bc7c-791c176d915e"
          },
          "type": "Request",
          "kind": "PowerApp",
          "inputs": {
            "schema": {
              "type": "object",
              "properties": {
                "Sendanemail(V2)_Subject": {
                  "type": "string",
                  "description": "Specify the subject of the mail. This parameter is used as part of \"0DACC7D9-E7A3-4DC2-92B0-DFE8EA167819\"",
                  "x-ms-powerflows-param-ispartial": true
                },
                "Sendanemail(V2)_Body": {
                  "type": "string",
                  "format": "html",
                  "description": "Specify the body of the mail. This parameter is used as part of \"B7240E7E-F150-4385-A644-058C9591C33E\"",
                  "x-ms-powerflows-param-ispartial": true
                },
                "Sendanemail(V2)_Body_1": {
                  "type": "string"
                },
                "Sendanemail(V2)_Body_2": {
                  "type": "string"
                },
                "Createitem_Title": {
                  "type": "string",
                  "x-ms-powerflows-param-ispartial": false
                },
                "Createitem_ApplicantName": {
                  "type": "string",
                  "x-ms-powerflows-param-ispartial": false
                },
                "Createitem_Faculty": {
                  "type": "string",
                  "x-ms-powerflows-param-ispartial": false
                },
                "Createitem_ResidesAus": {
                  "type": "string",
                  "x-ms-powerflows-param-ispartial": false
                },
                "Createitem_GradYr": {
                  "type": "number",
                  "format": "double",
                  "x-ms-powerflows-param-ispartial": false
                },
                "Createitem_AboutYou": {
                  "type": "string",
                  "x-ms-powerflows-param-ispartial": false
                }
              },
              "required": [
                "Sendanemail(V2)_Subject",
                "Sendanemail(V2)_Body",
                "Sendanemail(V2)_Body_1",
                "Sendanemail(V2)_Body_2",
                "Createitem_Title",
                "Createitem_ApplicantName",
                "Createitem_Faculty",
                "Createitem_ResidesAus",
                "Createitem_GradYr",
                "Createitem_AboutYou"
              ]
            }
          }
        }
      },
      "actions": {
        "Send_an_email_(V2)": {
          "runAfter": {},
          "metadata": {
            "operationMetadataId": "ac00cdde-3a1f-4fce-89c5-35adf981573b"
          },
          "type": "OpenApiConnection",
          "inputs": {
            "host": {
              "connectionName": "shared_office365",
              "operationId": "SendEmailV2",
              "apiId": "/providers/Microsoft.PowerApps/apis/shared_office365"
            },
            "parameters": {
              "emailMessage/To": "cathyxu@D365DemoCSA2.onmicrosoft.com",
              "emailMessage/Subject": "New Paper Scholarship Application - @{triggerBody()['Sendanemail(V2)_Subject']}",
              "emailMessage/Body": "<p>Hi Scholarship Staff,<br>\n<br>\nWe have just received and submitted a new paper scholarship application. Please refer to the details below:<br>\n<br>\nApplicant Name: @{triggerBody()['Sendanemail(V2)_Body']}<br>\nFaculty: @{triggerBody()['Sendanemail(V2)_Body_1']}<br>\nGraduation Year: @{triggerBody()['Sendanemail(V2)_Body_2']}<br>\n<br>\nThanks,<br>\nUniversity Post Office Staff</p>",
              "emailMessage/Importance": "Normal"
            },
            "authentication": {
              "type": "Raw",
              "value": "@json(decodeBase64(triggerOutputs().headers['X-MS-APIM-Tokens']))['$ConnectionKey']"
            }
          }
        },
        "Create_item": {
          "runAfter": {
            "Send_an_email_(V2)": [
              "Succeeded"
            ]
          },
          "metadata": {
            "operationMetadataId": "655dfa61-3d07-40a8-bd25-dba1b8b36c71"
          },
          "type": "OpenApiConnection",
          "inputs": {
            "host": {
              "connectionName": "shared_sharepointonline",
              "operationId": "PostItem",
              "apiId": "/providers/Microsoft.PowerApps/apis/shared_sharepointonline"
            },
            "parameters": {
              "dataset": "https://d365democsa2.sharepoint.com/sites/MicrosoftWomeninTechScholarship",
              "table": "897e01b9-25b8-4b63-9c6f-05c063eb21bc",
              "item/Title": "@triggerBody()['Createitem_Title']",
              "item/ApplicantName": "@triggerBody()['Createitem_ApplicantName']",
              "item/Faculty": "@triggerBody()['Createitem_Faculty']",
              "item/ResidesAus": "@triggerBody()['Createitem_ResidesAus']",
              "item/GradYr": "@triggerBody()['Createitem_GradYr']",
              "item/GraduationYear": "@triggerBody()['Createitem_AboutYou']"
            },
            "authentication": {
              "type": "Raw",
              "value": "@json(decodeBase64(triggerOutputs().headers['X-MS-APIM-Tokens']))['$ConnectionKey']"
            }
          }
        }
      }
    },
    "templateName": ""
  },
  "schemaVersion": "1.0.0.0"
}